id	name	email
1	Braulio Kozey	braulio@langworth.net
2	Arnoldo Champlin	linda.ohara@reingerruel.info
3	Bennie Marvin	karolann_stehr@millerhills.info
4	Mr. Asa Hoeger	eugene_doyle@luettgen.com
5	Jimmy Boyer	katheryn_zemlak@hauck.biz
6	Nicole Schuster PhD	reta.crooks@bergstrom.biz
7	Rosetta Barton	jeffrey_braun@rolfson.net
8	Geoffrey Auer	aryanna_stoltenberg@howe.name
9	Hal Mante	letitia_mraz@kerluke.org
10	Sadye Stark	amos.tillman@oreilly.com
11	Mavis Sipes	sandra.dickens@grimes.org
12	Grace Cassin	idell@schumm.biz
13	Juanita Smitham V	freeman@senger.name
14	Abdul Orn	cooper.weinat@dach.com
15	Veda Kessler	ida_breitenberg@jerdemurphy.info
16	Enoch Daugherty	freeda_langworth@bogan.name
17	Gabe Hilpert	deborah@cummerata.info
18	Gilberto Dibbert	edd_stoltenberg@hellergrimes.info
19	Candido Hilpert	jamaal@gleason.com
20	Mrs. Herbert Lindgren	pauline@borer.com
21	Ocie Hirthe	bernadine@towne.com
22	Raheem VonRueden	lincoln.thompson@mertzprosacco.org
23	Daniela Senger	alexys@fritsch.net
24	Chauncey Hirthe	manuela.homenick@hilllgibson.name
25	Dana White	christopher.torp@oconner.org
26	Xander Watsica	teresa_johnson@mitchell.biz
27	Zachary Swift	christiana@reynoldsbatz.org
28	Sylvia Botsford	unique@bode.name
29	Mrs. Jerrod Nicolas	frances@bosco.biz
30	Mr. Carter Goodwin	ransom@haley.info
31	Mariano Sawayn DDS	nicole_padberg@dietrich.name
32	Amara Gerlach Sr.	ania@hayes.com
33	Jerrod Runolfsson	abagail@heelkreiger.name
34	Jazmyn Flatley	arvel.reichel@satterfield.info
35	Larue Spinka I	loren@gutkowskiborer.org
36	Dr. Nat Gleichner	rylee@rogahn.info
37	Ms. Josiane Kemmer	elta@powlowski.info
38	Elton Purdy	noelia.marvin@bednarberge.org
39	Natasha Altenwerth	vincenzo@ebert.biz
40	Cleta Wehner	cletus.feil@cronin.biz
41	Erwin Murphy	britney_little@huels.net
42	Laverne Cremin	viola.johnson@moen.biz
43	Maeve O'Reilly	german@wisozkmiller.com
44	Kian D'Amore	osborne_stroman@schmeler.biz
45	Lamar DuBuque	dangelo@hermannkiehn.net
46	Jeremie Homenick	rozella_lynch@torphy.com
47	Orpha Haley	cooper.haley@rogahn.biz
48	Myrtie Connelly	blake_schulist@johnson.net
49	Mrs. Brandi Mitchell	kelton.christiansen@koepp.com
50	Andreane Mante MD	deshaun@mann.info
51	Keshaun Farrell IV	toni@hansen.biz
52	Mrs. Opal Breitenberg	timmy_prosacco@schambergerwaters.net
53	Ms. Dereck Prosacco	lenora_wiza@hellerebert.org
54	Ms. Tracey McClure	jimmie@okuneva.com
55	Renee Zboncak	effie@blockhammes.net
56	Shany Smith	lea_smitham@toygreenholt.biz
57	Lavina Olson	eli.spinka@jakubowski.info
58	Gregg Murphy	enid@hahn.org
59	Lillian Jast	jaylan@hoeger.biz
60	Hertha Willms	leann.willms@mertzkulas.org
61	Kara Beahan	cade@rutherford.net
62	Cody Carroll MD	maud@hodkiewicz.name
63	Floyd Johnson	bernice@homenick.biz
64	Noemy McGlynn	beverly_heller@jast.com
65	Ms. Rocio Marquardt	jeramy.oreilly@greenholt.name
66	Brock Borer	erik@leannon.net
67	Jovany Considine DVM	elliott@okunevastoltenberg.info
68	Eva Bruen IV	francesco_schimmel@hermann.name
69	Alan DuBuque	jeromy@haleyyost.net
70	Savanah Daugherty	pearline@brakusgreenfelder.com
71	Elta Cartwright	aniyah_collier@orn.biz
72	Jarred Mertz	danika@bernierschaden.org
73	Thomas Bayer	estevan_kemmer@blickbrown.com
74	Samantha Hyatt	rosina@harrisorn.info
75	Lon Rohan	margarita@ondricka.org
76	Dr. Buster Wuckert	sammie@kiehnmoen.net
77	Mrs. Eula Lehner	dasia.rath@deckowgoodwin.info
78	Moriah Emmerich	collin.schroeder@strosinschneider.org
79	Katlynn Lind Sr.	bill@keelingpagac.org
80	Vidal Little	kailey.larson@labadie.org
81	Miss Oswald Boyle	kenneth@maggio.org
82	Miss Eveline Tremblay	pasquale.schumm@beier.net
83	Nicolette Cummerata	shanna@mraz.com
84	Karianne Rempel Jr.	kane@runolfon.info
85	Kali Dickinson	mariah@klocko.org
86	Merl Gutmann	mittie@volkmanokeefe.name
87	Mr. Percival Dicki	rosalyn@oconnell.info
88	Ezra Corkery	manuel@kirlinorn.info
89	Darion Carter	nathen.bode@greenfelder.name
90	Everardo Auer Sr.	eriberto.bashirian@heaneylueilwitz.org
91	Shirley Hoeger	rashawn_brakus@bosco.com
92	Francesco Spinka	gabriel@crookipes.info
93	Demario Corwin	gina@renner.com
94	Kyle Upton I	fern@rogahnmonahan.biz
95	Ms. Orval Flatley	andres.rippin@donnelly.com
96	Quincy Keebler	lolita@bartell.net
97	Rosie White	felipe.okeefe@johnston.biz
98	Kory Hoppe	rosemary_mann@oconnellhermann.biz
99	Hal Auer	ray.spinka@croninaltenwerth.net
100	Everette Thiel	quinn.goodwin@lockman.com
101	Dr. Brandon Durgan	frederick@legroshermann.net
102	Norberto Ledner	markus.welch@strackenitzsche.net
103	Christine Armstrong	albin@murphy.org
104	Amanda Zemlak	lavon_simonis@kundeschultz.org
105	Miss Edward Steuber	alanis.bergnaum@lowe.info
106	Marques Graham	fausto_corwin@schowalter.net
107	Aliya Torphy PhD	kayleigh@glovergrimes.name
108	Celestine Smitham	vance@reynolds.org
109	Retha Corkery	violette.hamill@schmelerhane.biz
110	Petra Bogisich V	oliver@gulgowski.org
111	Mr. Sigmund Roberts	christa@powlowskinitzsche.biz
112	Meaghan Ryan	jarod_vandervort@christiansenharber.biz
113	Carlee O'Reilly	sanford@dooley.biz
114	Imani Hilll	xander@keler.net
115	Dr. Elta Carter	carlo.langosh@haag.org
116	Joany Hauck	hertha.haag@hirthe.org
117	Leta Hahn	america@heidenreichdach.biz
118	Dr. Pasquale Eichmann	raul@kohler.name
119	Richard Gibson	amari_purdy@mosciski.biz
120	Retha Mueller	leora@sporer.name
121	Eduardo Muller	melba.harris@schmittwest.biz
122	Fredy Hyatt III	brayan.huel@hodkiewicz.info
123	Colin Lueilwitz	hudson_daugherty@sporer.org
124	Chadrick Kuhic	hailie_paucek@skilesgrady.com
125	Belle Hagenes	corine@jakubowski.org
126	Delilah Mueller	aracely.kemmer@sanford.com
127	Miss Karelle Langosh	cielo_rau@daniel.com
128	Berniece Dietrich	delaney.ruecker@ryan.name
129	Mrs. Polly Schmitt	eriberto@jenkins.info
130	Micheal Kihn III	adalberto@dietrichrunte.biz
131	Kristian Dietrich	willa_emard@yundt.biz
132	Miss Fletcher Schimmel	alena@daugherty.org
133	Morgan O'Conner	kari.homenick@littel.info
134	Moises Reichel	adolph.bartell@mckenzieblick.net
135	Miss Dina Rolfson	stacey.deckow@schowalter.net
136	Cara Predovic	damian.morar@larsonweimann.com
137	Valentine Kassulke	randal.crist@lindgrenrippin.biz
138	Skye Kub	coy@hilllstehr.name
139	Madisen Fisher	albina@lubowitz.net
140	Lottie Steuber	kallie@kuhic.org
141	Sigurd Runolfsson MD	adam.crooks@kutch.com
142	Amani Hand Sr.	kelley_leannon@granteichmann.com
143	Marty Heidenreich	leslie_hermann@pouros.biz
144	Ms. Dalton Wilkinson	ettie.hodkiewicz@hoppecartwright.net
145	Keith Bashirian	toy.lowe@hillswiza.net
146	Carmela Terry PhD	madaline@larson.com
147	Ms. Rey Zboncak	taryn@schowalter.net
148	Matteo Ryan	mazie_raynor@predovic.biz
149	Burdette Hauck	isom_hartmann@mcdermott.net
150	Don Parker	julien@wilderman.net
151	Dr. Aiyana Borer	brennon_west@reinger.net
152	Stefan Tremblay	danyka.gulgowski@hayes.info
153	Jeanie Marquardt III	bailey.bayer@roobsenger.com
154	Dr. Cecelia Dare	edythe@toysmith.name
155	Brad Nitzsche	craig@luettgen.biz
156	Chadd Corkery MD	henry.leuschke@lockmanfadel.com
157	Nat Quigley	caandra_greenfelder@langworth.name
158	Myrtis Hane	vivien_bashirian@schaden.com
159	Dock Hickle	kolby@lehner.name
160	Jeanette Koch PhD	gina@marvin.net
161	Mr. Cicero Spinka	elliot@mertz.net
162	Juliana Stamm	magdalen_reinger@kirlin.net
163	Dasia Zemlak	anna@christiansenokeefe.info
164	Odie Bednar	lindsay.stark@hagenes.info
165	Electa King	easter@oconnelloberbrunner.info
166	Dr. Valerie Rau	hilton@stantonwaelchi.biz
167	Bernice Satterfield	geraldine_king@beatty.name
168	Miss Ivah Stoltenberg	ernie@predovic.net
169	Terrence Schoen	leonel@stantonkoepp.info
170	Mrs. Karine McCullough	candida@tremblaylemke.biz
171	Oral Emard	neal@dickens.info
172	Jaime Friesen	brenden@hartmann.name
173	Oren Block DDS	darius@beierrohan.name
174	Talon Cruickshank	dallas@williamsonadams.biz
175	Rafaela Hayes DDS	kristofer@paucektremblay.net
176	Hettie Champlin	ubaldo@kautzer.org
177	Robbie Franecki	janis.bode@harvey.info
178	Noemie Parker	milford@kuhic.com
179	Bailee Christiansen	lelah_cormier@ernserterry.info
180	Dane Gislason	casimir@cruickshank.info
181	Halie Kris	lynn@beermurphy.info
182	Virgie Sanford	brian@hansenledner.biz
183	Bell Kuhic	tyra_roob@damore.org
184	Adele Lueilwitz	gabrielle_mayert@goodwin.info
185	Miss Lisandro Dibbert	kellen@leannon.org
186	Mrs. Verona Huels	margarete.wunsch@lang.name
187	Maximilian Rodriguez Sr.	kasey_cremin@jaskolskibartell.com
188	Frederic Reichel	maddison@lakin.net
189	Caleb Doyle	terrell_streich@kuhlman.org
190	Milo Baumbach	nasir.harris@spencer.info
191	Anika Davis	blaze@howell.org
192	Cortney Abshire MD	albert@kuhicsmith.biz
193	Clarabelle Corkery	ralph_mcclure@simonismurazik.org
194	Mrs. Dillan Baumbach	dayana@walker.biz
195	Gay Reinger	oda@rau.info
196	Edythe Graham MD	leo.stiedemann@hoppe.net
197	Justen Grady Jr.	carlos.bashirian@ullrich.biz
198	Eli Beier	hillary_schinner@schambergerlittle.net
199	Noah Gerhold	lauriane@ullrich.org
200	Troy Homenick	carmelo_nolan@pacocha.com
201	Lorenz Simonis Sr.	durward.hoppe@nikolaus.info
202	Vesta Lowe	luis@stoltenberg.name
203	Thelma Gusikowski	anais@christiansen.info
204	Hilton Thompson	zane_block@lueilwitz.net
205	Granville Grady	kyla@halvorsonboyle.org
206	Delia Kohler	betty_fay@konopelski.com
207	Celia Turner	granville_heathcote@wisoky.biz
208	Eddie Monahan	newton.cummings@ondricka.net
209	Gerald Ryan	jan@waelchi.com
210	Jordan Volkman	gregoria@vandervortbrown.biz
211	Hailie Rutherford	ardella@jerde.org
212	Josiah Osinski MD	amiya.mosciski@dubuquebuckridge.com
213	Maurine Kertzmann	jimmie@gleichner.info
214	Mrs. Markus Bernier	avery@sawayn.name
215	Gregg Ankunding	marquise_krajcik@ziemann.org
216	Dino Walsh	karlie@anderson.name
217	Eladio Hirthe DVM	daryl_miller@thiel.com
218	Jessie Lang	natasha@dickens.info
219	Alec Hirthe	myron@beiermayer.org
220	Ms. Kennith Torphy	stefanie_williamson@kunze.com
221	Sanford Littel	tiana.boehm@bruen.biz
222	Elinore Treutel MD	celestino_parker@leffler.name
223	Tillman Schiller	karianne_hauck@collinstorp.org
224	Mr. Bret Haley	keon@herman.info
225	Idella Reichert	chris_franecki@vonruedenschaden.biz
226	Edward Yundt	wilson@conroy.com
227	Nelda Keeling	bennett.swaniawski@christiansenruecker.name
228	Shannon Reichert Sr.	agustin.mohr@mcdermott.org
229	Aglae Glover	queen@ferry.name
230	Halie Stokes MD	antwan.lockman@zieme.com
231	Sallie Quitzon	pauline.murray@gaylordwisoky.net
232	Modesta Wolf	lincoln_goodwin@becker.biz
233	Eleazar Hand	linnie.heel@mitchell.biz
234	Claire White	sim@luettgen.info
235	Brennan Prosacco	vinnie_turner@emmerich.net
236	Deontae Stroman	orville@adamspadberg.com
237	Angela Stokes	josefina_west@streichcrist.info
238	Arnoldo Carter	evan@cruickshank.info
239	Zaria Kunze	jesus@altenwerth.name
240	Mrs. Braxton Schuster	kian@heel.org
241	Emmet Reinger	ralph@grant.org
242	Alverta Schuster	bonita_reichel@beier.name
243	Helene Kulas	hazel.dibbert@ebert.name
244	Ms. Summer Hilll	laurence.hayes@terry.com
245	Waino Bahringer	rodrigo.weber@nolanrosenbaum.name
246	Rachel Thompson	ellie.nienow@krajcik.name
247	Chase Stamm	maynard_ward@friesenstreich.org
248	Chaim Ankunding	percy@goldnerwuckert.biz
249	Sydnie Dickens PhD	yazmin@hauckbreitenberg.info
250	Alysa Gusikowski	roberto@westraynor.net
251	Raven Olson	linnea@croninlangosh.net
252	Chris Runolfsdottir	mallory.mann@goyette.org
253	Lincoln Friesen	skyla@kerlukerice.net
254	Nasir Hane	augustine.herman@gutkowski.org
255	Josh Fritsch	jany@hermiston.biz
256	Mr. Juliana Reichert	vita@effertzfisher.org
257	Maggie White	deangelo@tromp.info
258	Thomas Crist	gladyce@daugherty.net
259	Issac Dickinson	lavern_olson@walterromaguera.info
260	Mrs. Myra Considine	icie@ratke.info
261	Bernie Torphy	lester@connelly.biz
262	Miss Joan Herzog	brent_kaulke@okuneva.net
263	Eleonore Wiegand	cristopher@waelchi.biz
264	Roslyn Berge	burdette_jacobs@carroll.net
265	Mr. Kathryne Blick	heath@gibsonschaefer.net
266	Adriel Kuphal	dolly@collins.org
267	Cierra Rosenbaum DVM	kieran.leffler@bednarhintz.name
268	Guadalupe O'Conner	golden.shields@cruickshank.info
269	Ruben O'Kon	virginia_marquardt@oconnerwaelchi.com
270	Leatha Moore	garland@huel.net
271	Jada Kautzer I	terrell.pagac@abbott.org
272	Sharon D'Amore	craig@bogisich.info
273	Miss Watson Leannon	faustino@jonesgorczany.biz
274	Avis Corkery	hal@ortizlockman.com
275	Tabitha Gerlach	miguel@wolfschmitt.name
276	Watson Crona	leif@erdman.com
277	Wilfredo Ankunding	micaela@murazik.org
278	Sasha Nicolas	makenna@dubuque.biz
279	Bethany Erdman V	wilford@fritschshanahan.info
280	Jany Bogan DDS	maxwell@halvorson.org
281	Dora Windler	monroe.lesch@langworth.com
282	Jarrell Kessler	buddy_emmerich@heelrunte.org
283	Avery Block	adriana@dubuquepurdy.net
284	Randal Schaefer	treva@bechtelar.name
285	Felicia Leffler MD	margie_stehr@marvin.biz
286	George Leffler I	andres_langworth@runolfsdottirhartmann.biz
287	Nicolas Weimann III	oran@walter.net
288	Frederic Kautzer	eloisa@kozey.net
289	Maia Hagenes	garett.hoppe@wintheiser.org
290	Enoch Bode	cierra.mckenzie@crist.net
291	Beulah Torp	fredy@okuneva.info
292	Leif Pollich	gunnar.rowe@sanfordbecker.org
293	Dr. Dolores Kuhic	willie.welch@rodriguez.net
294	Mr. Alia Schmidt	hettie.kertzmann@daugherty.info
295	Grady Grady IV	rosalee.stoltenberg@skileskirlin.biz
296	Montana Romaguera	roie@greenholt.com
297	Mollie Cormier	ismael@reichertankunding.biz
298	Gaetano Ryan	darian@schadenframi.biz
299	Juana Schroeder	adrain.beatty@cain.biz
300	Brando Tillman	pierce@wuckert.biz
301	Elbert McCullough	liliane.stoltenberg@renner.net
302	Mrs. Cayla Tremblay	margarita.morar@kunde.biz
303	Mrs. Caleb Heller	keenan@stokes.name
304	Jonathan Lind	makenzie_senger@moriettewehner.org
305	Mrs. Miles Crona	adeline@wisoky.info
306	Dina Reynolds	mckenzie_powlowski@koelpin.biz
307	Moises Cruickshank	miles.gutkowski@greenfeldermurphy.net
308	Gladys Kuvalis	mallie.little@dickens.net
309	Elza Dietrich	stanley@smithamlesch.info
310	Carrie Ratke DVM	alexandre.bahringer@hackett.com
311	Milton Schuster	vern@renner.name
312	Abner Nader	elsa_waelchi@pfannerstill.info
313	Lelah O'Reilly	kian@spencer.net
314	Susie Daugherty	chad.bayer@heathcote.net
315	Mckayla Flatley	rusty@jerdejacobi.net
316	Alana Wiegand V	davion@beier.org
317	Johnathon Collier DVM	zane@carroll.info
318	Lucius Lowe	lacy@fay.biz
319	Lori Rutherford	cordell@kutchdickinson.info
320	Mozell White	robyn.hills@hagenes.info
321	Caden Schuppe	katherine.okon@williamson.org
322	Gavin Effertz	madyson@oconnellkutch.com
323	Juliet Klocko	roslyn.dare@fisherokon.name
324	Gerard Farrell	jace@mann.name
325	Salma Rath	dax.kohler@mitchellpfeffer.net
326	Lawrence Conroy	adelia_reichel@lubowitzsanford.com
327	Tina Hackett	easter.hagenes@kilback.name
328	Jayda Schuster	damien@vandervorthomenick.name
329	Mrs. Anibal Hahn	victoria@hintzschoen.net
330	Mack Treutel	jerod_rice@aufderhar.info
331	Otho Waelchi DVM	barry_rohan@gibsonbauch.net
332	Liliana Stehr II	cristian@weimann.biz
333	Nelle Shields	wilbert_pacocha@morar.name
334	Daryl Fadel	franco@kovacek.info
335	Rebeka Yost V	norene.okeefe@ankunding.com
336	Madisyn Harber	kellen@dubuque.net
337	Keanu Daniel V	kiana_blick@legrochroeder.name
338	Mose Cummerata	kaia_welch@willcollins.info
339	Dr. Ashly Boehm	lelah_abernathy@wolfffadel.biz
340	Ms. Gilda Fisher	patsy@abbott.org
341	Mikel Harris	abel.johnston@braun.net
342	Muhammad Reinger	alec.schmitt@shieldsjakubowski.com
343	Mr. Margarett Carter	noelia@hahnsipes.net
344	Elaina White	dorothea.lindgren@lockmanbreitenberg.com
345	Sylvia Deckow	justen.kozey@hermann.info
346	Mrs. Parker Blick	herminia.wolff@douglas.org
347	Lenora Kling	eleazar@ferry.net
348	Earnestine Schulist	loyce.white@boyermcglynn.org
349	Avery Hauck IV	sally.bogisich@wuckert.com
350	Elisa Rice	gilbert.wiza@dicki.org
351	Lisa Boyer I	arely@mclaughlinmclaughlin.org
352	Mrs. Myrtice Bosco	elliot@homenickkling.info
353	Michele Aufderhar	luigi_crona@shanahanemmerich.org
354	Kathlyn Blick	augustine@williamson.org
355	Hugh Jast II	micaela_lang@konopelskicronin.net
356	Claud Thompson	conrad_mcclure@ortiz.net
357	Nelson White Sr.	fatima_mohr@senger.com
358	Dr. Valentina Rodriguez	grayson_wintheiser@wilderman.info
359	Turner Ortiz	matilda_green@rempel.biz
360	Mustafa Bahringer	bailee@bogan.biz
361	Dameon Rau Jr.	fidel@feeney.org
362	Kaylin Hoeger	rolando@mcglynnjerde.com
363	Barton Skiles	lavada.lebsack@mohr.name
364	Vicenta Cartwright Sr.	heath@stracke.net
365	Dameon Pfannerstill	fae@fay.org
366	Derek Emard	monroe@sawayngislason.info
367	Jonas Ruecker	jey@brekke.info
368	Miss Janiya Purdy	graciela_flatley@schoen.info
369	Terrell Hodkiewicz	marion_zemlak@beer.name
370	Emil Cummerata	alec.herman@monahan.name
371	Freddy Jast	kyra@hammes.info
372	Annabel Hammes DDS	albert.leannon@hoeger.info
373	Dr. Chadrick Padberg	wanda_hoeger@rice.net
374	Dustin Renner	carolina@jacobsonwilderman.org
375	Madisyn Langosh I	ernestina.kunze@sauer.org
376	Heather Lynch	loma@johnsyost.name
377	Martina Hamill Sr.	brennon_kunze@stokes.info
378	Carmela Bashirian	estella_carter@mannpadberg.com
379	Ramon Kozey	jordy.collins@starkkoelpin.org
380	Omari Douglas	maynard.trantow@ko.org
381	Eloisa Cruickshank	cali.williamson@kuhn.biz
382	Alda Beahan	raquel_barton@hermiston.biz
383	Mrs. Christy Conroy	efrain@block.com
384	Lelia Friesen	peter@wuckertblick.name
385	Mr. Justus Rice	albert@pouros.com
386	Xavier Fritsch	jackson@schmitt.name
387	Miss Hal Runolfsson	irving.white@fadel.info
388	Miss Kiera Reichel	kaycee_upton@conroy.net
389	Lessie Turner	mustafa.gerhold@hermiston.info
390	Brett Nader	olin@torpmoriette.org
391	Lucile Dickens II	lloyd@bayer.org
392	Jaeden Schmidt	akeem_baumbach@bayerokuneva.info
393	Preston Mosciski	dora.williamson@green.org
394	Jaylan Collier PhD	theo@fisher.biz
395	Pearl Ward II	leonardo@parker.org
396	Donnie Treutel	christy@crona.biz
397	Mr. Jayson Sawayn	liza@schowalterondricka.biz
398	Ms. Viva Pfannerstill	alverta@kemmer.com
399	Jesus Kautzer	aaron.hettinger@leschhowell.name
400	Elijah Brekke Jr.	emie@bartell.org
401	Miss Berta Nicolas	nayeli@green.name
402	Alyce Jerde III	adan.wiza@hirthe.net
403	Kenyon Cole	charlotte.weimann@bosco.com
404	Austen Auer	curt@romaguera.net
405	Melody Dibbert	crystal_roob@frami.name
406	Barton Mante	rhoda_wiegand@kaulkewelch.name
407	Laila Veum	nat@harber.name
408	Olaf DuBuque V	leilani.okon@luettgen.biz
409	Sandrine Lemke	vergie_schuppe@watersnicolas.biz
410	Tiana Zieme	cielo.rath@gorczany.biz
411	Martina Mohr	dora@erdmankemmer.org
412	Alia Howe IV	otha@witting.org
413	Branson Ledner	manuel_reynolds@ortiz.net
414	Ardella Kunze	rosina.mann@dare.name
415	Esta Emard	andreanne@gerhold.name
416	Amiya Sauer IV	nels@barrows.net
417	Ms. Maye Ankunding	colleen@franecki.info
418	Karley Rippin	aileen.will@yost.net
419	Trycia McCullough	santiago@zemlakwaters.net
420	Brenda Maggio	dwight.mohr@torphy.name
421	Samson Raynor II	charlotte.bogisich@feest.com
422	Jeff Mueller V	ava_crooks@keeling.biz
423	Miss Demarcus Rippin	hans.sporer@klein.biz
424	Vivianne Corwin	marian.armstrong@hilll.info
425	Osbaldo Harris	annabell_cartwright@franecki.com
426	Jules Conroy IV	oral@gislason.info
427	Lisandro Bernier DVM	itzel_carter@kovacek.info
428	Tyrell Lesch	julius_fadel@christiansen.com
429	Dr. Verona Pacocha	francisca@kling.net
430	Demarcus Willms	jed_stark@schultz.info
431	Lauryn Berge	lukas_schroeder@rosenbaumpouros.name
432	Jaron Kiehn	rosemary.kuhic@dicki.biz
433	Scotty Cole	emma@leuschke.info
434	Miss Weldon Powlowski	alivia@runte.name
435	Dayana Jerde	wellington.bogan@mclaughlinharber.name
436	Joan Johnston	chase.deckow@rohan.org
437	Anissa Funk	schuyler@dickens.info
438	Nikko Von	walton.hodkiewicz@goyette.biz
439	Cara Shields	ewald@borerdickinson.biz
440	Trystan McKenzie	ellie@wintheiser.biz
441	Virginia Barton	ernestine@kunze.net
442	Mr. Dashawn Bergstrom	olin.borer@walsh.info
443	Turner Welch	ethan.rutherford@lockman.biz
444	Treva Wilderman	nick@oberbrunnerreichel.com
445	Cathryn Blanda	lyric.heller@rutherfordschiller.info
446	Ms. Laron Toy	jordy@treutelrau.info
447	Mafalda Prosacco	darren.collins@marksdoyle.com
448	Ashley Cummerata	brennan@boyle.net
449	Miss Makayla Wolf	alexa@mante.name
450	Leonardo Grant	daniela@conn.biz
451	Princess Labadie	murl@gorczany.net
452	Dillan Gleichner III	bette@bayerdavis.com
453	Maryse Bins	kayleigh@stroman.net
454	Nayeli Rath	rogers.stark@strosinkshlerin.info
455	Nickolas Schimmel	mable@cremin.org
456	Jailyn Ortiz Sr.	brandy@legros.net
457	Abbigail Emard	ardith@prohaskapouros.org
458	Miles Hartmann	tony.zieme@turnercain.net
459	Mr. Taya Keeling	brooks_bruen@adams.com
460	Jaquelin Murray	carmel.dare@roobstoltenberg.org
461	Dakota Kuhn	monty@wintheiser.net
462	Stacey Ankunding	bryon@marvinkoch.org
463	Coralie McLaughlin IV	henri@schiller.info
464	Dagmar Hackett	jennings@gloverfeil.info
465	Philip Hintz Sr.	camille_hintz@predovic.com
466	Taurean Hahn	carlo@gulgowski.org
467	Dr. Emily Schaefer	rubie.will@cruickshankhomenick.name
468	Broderick Gleichner	giovanna_ohara@pagac.name
469	Polly Barrows	harold_zieme@weinatjones.net
470	Samson Toy	emmet.effertz@crooks.biz
471	Miss Hayden Kemmer	roxanne@heller.org
472	Leanna Gottlieb	betty_rowe@medhurst.info
473	Chadd Bauch	larry.pagac@bernhardyost.name
474	Brayan Goldner III	rachel@nolan.name
475	Dr. Pablo Hansen	citlalli@bashirian.info
476	Nikolas Olson	ora@connelly.net
477	Eunice White	bailee.padberg@dickensgutkowski.com
478	Noel Terry	fanny.wisozk@hahn.org
479	Kobe Lakin	calista_koelpin@schmidthuels.info
480	Bessie Leffler	savanna_bosco@lakin.org
481	Madilyn Koepp	kayden.kautzer@lakin.org
482	Jeromy Terry	jordon@aueremard.info
483	Maybell Bode	efrain@nitzsche.com
484	Dr. Bertha Corwin	eldred@fahey.name
485	Guy Kertzmann	catharine@trantowcronin.info
486	Jacklyn Kilback	joelle_bosco@robel.info
487	Ryder Ullrich	candice@dooley.org
488	Orlando Stokes	anne_schinner@haleyjakubowski.com
489	Brandon Howell PhD	antwon.fisher@schmidtstreich.biz
490	Makenzie Rutherford	brooks.moore@ward.com
491	Davon MacGyver	genesis@donnellywitting.org
492	Lexie Hintz III	dominic_bauch@harber.net
493	Katelyn Parker	vilma.bogan@ondricka.info
494	Amira Ullrich	talon@handreichel.biz
495	Herman Toy	emely.bahringer@wiza.info
496	Ms. German Gleichner	danielle@hermannhackett.info
497	Rey Bruen	lucinda.williamson@kub.net
498	Jeff Legros	quinn.bosco@kuvalisbartell.name
499	Wellington Russel	hilda_klein@spinka.name
500	Meagan Lockman	terrell_murphy@jakubowski.net
501	Emmie Grady	berniece_schamberger@deckow.net
502	Ellsworth Wyman	jeanie@lemkekerluke.org
503	Gage Wilderman V	leopoldo@bechtelarkilback.name
504	Zelda Hoeger DVM	deonte_zemlak@ratkeolson.org
505	Rosalinda Johnston I	torrey_keeling@reingernienow.com
506	Tre Beatty	jamir@keeling.name
507	Roel Ferry	oceane.hintz@krishickle.com
508	Darius Jacobi III	adella.rowe@mertz.info
509	Buddy McLaughlin	willa_moriette@hammesdach.com
510	Jazmyne Bechtelar	angelica.zieme@williamson.name
511	Miss Orlo Crist	colleen_hauck@pouros.net
512	Dr. Ruby Schoen	webster@nienowhirthe.com
513	Heloise Gaylord	ted_renner@torphuels.com
514	Stephany Walker V	crawford_batz@mosciski.org
515	Mr. Tom Friesen	kristopher@mraz.com
516	Tyrel O'Hara	shakira@dare.name
517	Miss Teresa Kreiger	claire@moore.org
518	Eddie Little	shana@cruickshankhilpert.biz
519	Ms. Calista Kozey	cristobal@macejkovic.biz
520	Alicia Olson	jeanette@simonisraynor.org
521	Mrs. Lee Hegmann	shane_mertz@blandacarter.biz
522	Dr. Magdalena Rutherford	khalid_feil@littel.name
523	Dallas Walter IV	charlie.effertz@schulist.org
524	Abelardo Mayert	maximus@hegmann.com
525	Kevon Beatty	harold.franecki@jonescronin.com
526	Zelma Ernser PhD	brandy_denesik@bruengutmann.net
527	Urban Schneider	kaia@langworth.com
528	Valentina Tromp	faye.mueller@tromp.com
529	Cleora Brown	ruby@powlowski.info
530	Darrell Green	alvah_abbott@hoppe.com
531	Miss Kaitlyn Stamm	madelyn@moen.net
532	Adele Hahn	jarod.connelly@mantejakubowski.name
533	Jarrell Hahn Sr.	jerrold.reilly@schowalter.com
534	Ivy Goyette	angela@fay.name
535	Verner O'Kon	austyn_schinner@bodetillman.net
536	Kathryne Wunsch	raoul@moore.info
537	Marvin Jacobson Sr.	lucio_heidenreich@hintzstanton.org
538	Miss Thaddeus McClure	gayle.goyette@dicki.biz
539	Lizeth Conroy	delphine@fishermraz.org
540	Miss Marjory Beahan	andre_hilpert@lebsack.biz
541	Alessia Robel	amely@adams.biz
542	Danika Erdman	emmanuelle_grant@veum.org
543	Miss Jaren Jerde	price@rolfsonbuckridge.org
544	Ida Greenfelder	angelina.stamm@borer.net
545	Miss Bernadette Hoeger	casey_runolfsdottir@jacobi.net
546	Georgianna Windler	watson@bogan.org
547	Maiya Herman MD	andy.shanahan@emmerichadams.info
548	Cyril Botsford	jasen_schaefer@sanford.com
549	Sharon Stroman	columbus.dickens@parisian.com
550	Verda Ankunding	damian.harvey@crooks.org
551	Jermain Vandervort	arne.ryan@donnellygleason.biz
552	Chase Friesen	judd@hegmann.info
553	D'angelo Heidenreich	noah.goodwin@gibson.name
554	Angus Jones	theron.bailey@mantehoeger.org
555	Carlie Ortiz II	nyah.schamberger@mueller.com
556	Rickey Heathcote	elna_daniel@labadie.com
557	Ofelia Hickle	malvina@terryrunolfsdottir.name
558	Miss Philip Lehner	leila@kovacekbeier.name
559	Domenick Vandervort III	bret@johnston.biz
560	Carey Cummings	reinhold@ward.biz
561	Titus Bartoletti	alvena.tromp@deckow.net
562	Bethany Hansen	buford_schultz@sauer.biz
563	Miss Patricia Hayes	carlotta_mohr@hyatt.org
564	Noelia Toy I	ahmad.hartmann@loweschaefer.com
565	Idella Block	carley_gleason@kunze.com
566	Riley Huel	jennifer.zieme@olson.com
567	Colleen Wolff	dejah@homenick.org
568	Marlon Thompson DVM	keshawn_cartwright@kilback.biz
569	Chelsea Kohler	ryley@koepp.org
570	Sarah Corwin	everett@carrollhilpert.info
571	Theresa Wilderman	nichole@moriette.org
572	Gwendolyn Schiller	ibrahim.harvey@mitchell.name
573	Edwina Bradtke	mya.kirlin@kohler.com
574	Janice Langosh I	stephania_konopelski@yundt.biz
575	Stan Pfeffer	theresia_okuneva@andersonabshire.info
576	Amanda McDermott	angie.lindgren@murray.name
577	Milan Vandervort	zackery@abbott.net
578	Wilfrid Kassulke I	myra_collier@morarwiegand.biz
579	Roy Hirthe	kimberly.wintheiser@walker.name
580	Hattie Stehr	roy@schultzmoore.name
581	Jarrett Heller	joanie_mosciski@oberbrunnerdibbert.info
582	Mrs. Julie Harvey	jordi@mccullough.org
583	Blake Reynolds Jr.	otto.wuckert@sanfordcormier.net
584	Chandler Mills	micaela@cruickshank.info
585	Jarrett Fay	blanche_breitenberg@larkin.biz
586	Leonor Eichmann	karlie_gutkowski@torphy.info
587	Elfrieda Howell	ruby@starkschmitt.info
588	Mrs. Titus Hahn	bobby@schaefer.net
589	Mrs. Evie Bailey	mekhi@upton.info
590	Wellington Ullrich Sr.	fannie@franeckijohnston.name
591	Albin Jones	kelton_fahey@murray.com
592	Molly Walker	pedro_mante@towne.org
593	Dr. Sofia Bahringer	beth@langosh.org
594	Marc Ebert	ana@cronin.biz
595	Kameron Nienow	aiden@cain.info
596	Chasity Bernhard	susanna.lockman@romaguerasporer.name
597	Curt Kemmer	kiara.jenkins@kohlertorphy.info
598	Mrs. Larissa Rutherford	logan@bergstrom.net
599	Foster Legros	robb@zemlaknikolaus.org
600	Dennis Rogahn	arturo.abshire@kohler.com
601	Justyn Simonis	soledad@mayertbreitenberg.info
602	Perry Shields Sr.	jared@dach.org
603	Miss Wiley Weber	abel.sanford@walterreynolds.name
604	Melisa Weber	jailyn_rodriguez@hilll.net
605	Amy Kessler	nathan.rodriguez@legros.net
606	Rosa Ullrich	erling@wisozk.info
607	Hal Frami	anne@schroeder.com
608	Mrs. Zena Grady	marianne_waelchi@mccluretreutel.com
609	Rebeka Effertz	haylie@jonesdickinson.net
610	Willis Lang	waldo@rempelshanahan.info
611	Green Osinski	elody@dubuque.info
612	Mr. Sylvan Beatty	elton.gorczany@kreiger.org
613	Webster Cartwright	brigitte@streich.net
614	Bernice Johnston	junior_farrell@corkeryrutherford.info
615	Nico Yost	serenity.berge@fay.name
616	Katrine Batz	rory@ritchie.biz
617	Ursula Lemke	genevieve@simonisbauch.name
618	Miles O'Hara	einar@heller.biz
619	Ulises McGlynn	meaghan.hilpert@keeling.org
620	Murphy Kohler	blanca@dickilemke.com
621	Retta Homenick	camron@skilesveum.name
622	Miss Wilma Turner	ana@sauer.com
623	Lisette Yost	evelyn@brown.com
624	Harrison Johns	romaine@dubuque.name
625	Miss Margot Kautzer	thalia@medhurst.biz
626	Miracle Bradtke	dewitt@carter.biz
627	Jennie Rowe	maverick@towne.com
628	Floyd Kemmer	malinda_casper@littlegrant.com
629	Name Koepp	joaquin.kihn@kling.com
630	Verlie Conn	linwood@corkery.org
631	Astrid Bashirian DDS	alisha.will@hodkiewiczmohr.com
632	Beth Bergstrom	kristian@bartoletti.net
633	Lauriane Blick	watson_schimmel@johnsonkuhic.info
634	Melyssa Kertzmann	royce@adams.name
635	Christy Ankunding III	matt.macejkovic@kunzeswaniawski.org
636	Pearlie Lueilwitz	durward_reilly@hintz.org
637	Magnolia Emmerich	nichole@oconner.com
638	Mr. Carlee Schroeder	hannah_mueller@gutmannfeil.info
639	Hershel Beatty	jensen@daugherty.biz
640	Tressie Konopelski	chesley@rice.com
641	Cassie Rosenbaum	cooper@paucek.com
642	Vince Hegmann	jonathan@dietrich.biz
643	Walton Donnelly	reginald.dach@barrowshahn.net
644	Vincenzo Hessel	tierra@braun.net
645	Robin Kulas	zoila.glover@wisokyjerde.org
646	Edythe Jacobson II	karlee_carroll@abbott.org
647	Taurean Gislason	zakary@baumbach.com
648	Joe Nienow	pascale@labadiecollier.biz
649	Hector Bins	dylan_schinner@olsontreutel.com
650	Ms. Mckenzie Raynor	trace.stroman@bruen.name
651	Korbin Bahringer	rocky@mullercruickshank.com
652	Dr. Lilyan Heller	hester@predovic.biz
653	Cordia Dooley	axel.heathcote@dickinson.info
654	Judge Howell	ezekiel_volkman@bednarrunte.org
655	Dr. Emmalee Cole	mabelle@mayer.org
656	Justina Pouros	elmo@stamm.org
657	Cooper McCullough Jr.	eudora@rauhowell.info
658	Jordon Robel Sr.	sheridan.wiza@schoen.name
659	Crawford Tillman	nakia@rippin.info
660	Liza Okuneva	xavier_huels@stamm.com
661	Nora MacGyver	sallie@doyle.name
662	Miss Dahlia Buckridge	johnson@carrollupton.com
663	Enrico Swaniawski MD	remington@king.name
664	Wendy Ondricka	jarod_krajcik@wolfwolff.name
665	Kyleigh Tremblay	christa.robel@torphyheel.biz
666	Alayna Nolan	tad@senger.org
667	Brice Schmidt MD	albert.corwin@mayerrogahn.biz
668	Rosemary Mayer IV	salvatore@altenwerth.com
669	Hellen Halvorson	erick@schinner.info
670	Rosetta Moore	marlene_larkin@herzog.com
671	Hassan Goyette	shana.medhurst@ebert.net
672	Alvina Goldner	kariane@hahn.name
673	Genoveva Jenkins III	thaddeus@keeling.biz
674	Santiago Windler	jarrod@fisher.info
675	Kristoffer Beier	mason@konopelskiemard.info
676	Paige Bernhard Sr.	fredrick@fisherwindler.name
677	Sigrid Gorczany	kameron@franeckisauer.name
678	Cali Kessler	virginia@bergstrom.net
679	Lillian Schamberger	annamae.corkery@mayer.info
680	Rupert VonRueden	bonita@jakubowski.name
681	Akeem Larson	adelbert@langosh.biz
682	Mr. Orpha Keebler	keagan_halvorson@nikolautanton.net
683	Rogers Bartell	ewald.mclaughlin@white.org
684	Mr. Travis Rodriguez	audie@heel.name
685	Lelah Gusikowski	julia_sauer@hirthe.info
686	Tom Kutch	candice_sporer@connellymetz.net
687	Minnie Gibson DDS	romaine@douglaswyman.name
688	Liana Ortiz	shana_miller@orn.net
689	Josianne Wisoky	dominique_haag@olson.net
690	Matt Sanford	vernon.paucek@nitzsche.info
691	Nadia Krajcik	quinton@bashirianwilderman.info
692	Ladarius Corwin	chadrick@conn.com
693	Mr. Ila Dicki	elvie@larkin.org
694	Ms. April Parker	marjolaine@krajcikrunolfon.info
695	Stuart Ebert	marvin@gerlach.biz
696	Miss Orval Bashirian	angie_nikolaus@smitham.biz
697	Tiffany Hirthe	jermain@miller.name
698	Herminia Klein	richmond_johnson@jacobs.net
699	Garrick Mosciski	alexandrine_wehner@padbergpagac.info
700	Lorenzo Kozey	shemar_sipes@gulgowski.net
701	Gustave Christiansen V	monserrat@lindgren.info
702	Clark Bogan	favian_thiel@hermistonbeer.org
703	Chris Abernathy	holden@kunde.name
704	Gracie Von	jeffrey@wiza.name
705	Jaquan Herman	valentin_roob@waltersimonis.biz
706	Elroy Jakubowski	jackie@dibbertnienow.org
707	Carolanne Koch	geraldine@okeefe.net
708	Bennie Lesch	tevin@altenwerthlarson.biz
709	Caitlyn Wilkinson	dorris@stehrhagenes.info
710	Mertie Stoltenberg	aimee@smithamkuhlman.biz
711	Mrs. Aiyana Lang	anibal.hayes@borercollier.com
712	Lorenz Labadie	allene.armstrong@mckenzie.biz
713	Marcos Monahan IV	carolanne.moore@stoltenbergbernier.org
714	Meaghan Beer IV	sylvan.labadie@ward.info
715	Ms. Carole Skiles	francesca@spencermitchell.name
716	Abbigail Moore	bertha@schambergereichmann.name
717	Ezekiel Kuhn	mac.bernhard@padberg.info
718	Shanel Sawayn	tiana@abbotthane.biz
719	Virginia Bogan	milo_keebler@legros.com
720	Miss Arjun Weissnat	ruby_mraz@gusikowski.com
721	Guido Miller	hector_goodwin@hoppesanford.net
722	Hailie Zboncak	athena@johnston.info
723	Marcellus Kassulke III	christa@witting.biz
724	Lemuel Cruickshank	catharine@welch.org
725	Casper Berge	evelyn.dubuque@erdman.info
726	Garnet Wiegand	joan@klockolueilwitz.com
727	Kameron Lueilwitz	bo@whitehane.org
728	Pablo Feest	benny_harvey@hackettschroeder.info
729	Mr. Margarett Hessel	yoshiko_stanton@veummoriette.net
730	Haven Hand	jillian@yundt.net
731	Dorothea Monahan	dalton_gottlieb@lehnerkerluke.org
732	Ms. Jaclyn Ledner	edward_mcclure@hand.com
733	Torrance Gaylord	isabella_koepp@nikolausbogisich.org
734	Norbert Heller II	reta@mckenzie.org
735	Xzavier Bartoletti Jr.	kitty@feeneyhuel.name
736	Adolphus Kuvalis	jovani@legrosterry.org
737	Mazie Beahan	yesenia@greenfelder.name
738	Davonte Kris	kiana.bailey@jenkinsleuschke.net
739	Amos Stokes Sr.	otho@harvey.biz
740	Christ Trantow	loy@mitchellnader.com
741	Nora Berge III	montana_kreiger@crona.biz
742	Miss Moses Kulas	kenyon_johns@gibsonbrakus.name
743	Chance Reinger	domenico.emard@macejkovic.org
744	Domenick Carroll	brigitte@shieldsbogisich.com
745	Caterina Hintz	jakayla.carter@fisher.info
746	Bella Lemke	ahmed_feil@haleypurdy.org
747	Torrance Sauer PhD	keagan.durgan@gusikowski.com
748	Arlo Swift	aubrey@romaguera.name
749	Noah Kassulke	anabelle@mayer.net
750	Ms. Fausto Wisozk	aurelio_cummerata@creminmoriette.info
751	Kadin Jerde	saul@parkerreichel.net
752	Estel Mayert III	tianna@bradtke.org
753	Charlotte Kris IV	ambrose@nienow.com
754	River VonRueden	taurean@larson.biz
755	Rosetta Lockman	horacio@klocko.name
756	Clement Dicki V	augustus@bechtelargrimes.net
757	Miss Jillian Strosin	alfonso@watsica.net
758	Mrs. Dustin Buckridge	curt.ullrich@krisratke.name
759	Dr. Jamison Yundt	johnnie@dickinson.biz
760	Alvah Hickle	kris@gutmann.name
761	Shad Stiedemann	amely@welch.org
762	Ruben Glover Jr.	judge@white.name
763	Monica Nicolas	jocelyn@ankundingryan.org
764	Jaime Cormier	paul@bosco.org
765	Duane Kreiger	ashton@schumm.name
766	Thea Kessler	eulalia_king@ratkeschneider.org
767	Geo Donnelly	aniya@reilly.com
768	Lafayette Simonis I	guiseppe_hane@hackett.biz
769	Elvera Zboncak	jett_gleason@sawaynmohr.biz
770	Owen Crona	warren.kemmer@cain.name
771	Juwan Altenwerth	fredrick@price.name
772	Loy Breitenberg	kieran_gutmann@blockgerhold.net
773	Mohammad Rolfson	sylvan_rohan@schroeder.biz
774	Dahlia Stracke DDS	camila@muller.info
775	Mr. Catherine Lowe	janice_cole@wizahaley.biz
776	Cathryn Batz	margarett@bergstrommayer.net
777	Pink Rosenbaum DVM	jadyn@connellyadams.org
778	Ms. Fannie Green	jarred@lednergraham.com
779	Ms. Sherwood McCullough	tobin@barton.com
780	Keegan Wolf	giovanny@marvingreen.biz
781	Ervin Considine	howell@dicki.com
782	Deon Grimes	roselyn.terry@balistrerispinka.info
783	Jessika Torp	lisa_lesch@considine.name
784	Pietro Kunze	viola@goldneremmerich.com
785	Jettie Rohan	cristopher_rice@hilpert.com
786	Dock Lindgren	eugene.waelchi@harris.biz
787	Murl Hegmann	vern@goodwin.net
788	Keeley Mueller	george_lesch@reilly.org
789	Adam McCullough	layla@gerlach.net
790	Troy Schuppe	cleora_schmidt@reichelprohaska.net
791	Leopoldo Mueller PhD	ruell_keler@treutel.com
792	Ahmed Larson	hester_kling@schroeder.biz
793	Lukas McCullough III	maria.weimann@haag.net
794	Marguerite Kuhic DDS	keira@renner.org
795	Jamir Medhurst	maybelle@lemke.info
796	Miss Christelle Keebler	trenton_hudson@cronako.biz
797	Kole Donnelly	damaris_glover@krishammes.com
798	Dr. Brandt Mann	gideon.grant@thielgorczany.info
799	Bert Reichel	sherman@shanahan.info
800	Nelson Hagenes II	ruby_fadel@mclaughlinzboncak.net
801	Leonardo Kihn DDS	francesco_howell@bosco.com
802	Eryn Jacobson	shany.abbott@willms.info
803	Kyler Legros	alexzander@mckenziebeier.net
804	Justen Johnston	cooper@runolfon.net
805	Jana Sawayn	miracle@pagacgerhold.com
806	Leif Gulgowski	kennedy@abbottglover.biz
807	Ressie Brown	tito_larson@kelertreutel.biz
808	Kenny Zemlak	vito@braun.info
809	Kayli Sipes	meghan.ortiz@grimes.info
810	Gail Donnelly	celine_kemmer@bradtkesanford.biz
811	Vernon Hettinger II	candice@kundegulgowski.biz
812	Floy Durgan V	braeden_hilpert@beatty.biz
813	Henriette Kertzmann	shannon_wiegand@dooley.biz
814	Domenic Kuvalis	mohammed@pfannerstill.biz
815	Jazmyn Hodkiewicz	anya@beckercarter.com
816	Granville Pfeffer	ines_goldner@kuphal.info
817	Mrs. Bryana Grimes	guadalupe@schmeler.org
818	Brayan Turner	madisyn@ebert.net
819	Zackary Brakus	micheal@shields.biz
820	Mrs. Courtney Pagac	astrid@kuhic.com
821	Isadore Sanford	america@abbott.org
822	Asa Blick	joseph@king.name
823	Mrs. Elaina Bergstrom	mazie@lebsack.net
824	Herta Bins DVM	vergie@weber.com
825	Dr. Elissa Torphy	te@marks.org
826	Retha Ondricka	jazmyn@walter.com
827	Bethany Waelchi	maia.collins@fahey.com
828	Dr. Josefina Kautzer	karson_green@rosenbaum.info
829	Reid Runte Jr.	allison@stokes.info
830	Claud Okuneva MD	rubie@douglas.name
831	Jeremy Ebert II	lulu_lindgren@lesch.info
832	Buck King	cleta.hagenes@mcculloughschimmel.info
833	Francesco Hudson	daisha.hettinger@gutmann.info
834	Alvah Dooley	tanner_huel@bahringer.net
835	Arch Bednar	oceane.schuster@larson.com
836	Ardella Schultz	maymie.weimann@stromanleffler.biz
837	Donny Dietrich	nellie.kaulke@hermistonbradtke.info
838	Glenna Barton	mia@jaskolski.net
839	Mr. Pascale Eichmann	kameron.howell@lindgren.name
840	Kyleigh Rempel	vita@haleymuller.biz
841	Otto Kessler	marian_medhurst@langbeatty.net
842	Mabelle Oberbrunner	jacky.abbott@hansen.org
843	Ms. Delmer Baumbach	karianne_conn@botsford.com
844	Mr. Hiram Heidenreich	hattie.stehr@cronin.info
845	Loy Ward	darren@dickinson.com
846	Buster Moen	alexandrine@brown.net
847	Gladyce Mosciski MD	silas.graham@cormier.biz
848	Dr. Aaron Harber	stone@uptonemmerich.biz
849	Isai Bosco I	jailyn.hilpert@volkman.com
850	Juanita Weimann	jeramy.keebler@nitzsche.name
851	Mr. Lyric Kemmer	gerald@botsford.org
852	Hanna Bernier	gilberto@hayes.com
853	Zora Rohan	melvina@hickle.biz
854	Jonathan Yundt	keven@johnston.info
855	Ardella Mante	verona_jenkins@cruickshankhilpert.biz
856	Jordy Nienow	rachel@mills.name
857	Mrs. Demond Veum	jaunita_okeefe@schinner.org
858	Joesph O'Kon	chyna@parkerorn.biz
859	Neal Hammes IV	elza_homenick@koepp.name
860	Bruce Altenwerth	nicolas.wilkinson@johnswilkinson.biz
861	Mya Ullrich	je.jakubowski@starkgutkowski.biz
862	Francis Howe	laura@oreillyzemlak.org
863	Ms. Margarita Botsford	franco@schimmelrunte.com
864	Dr. Whitney Turner	daija@abbott.com
865	Ms. Haylie Pfeffer	dave@bosco.net
866	Cortney Boyle	jayne@reichel.net
867	Raheem VonRueden	beatrice.murray@joneslindgren.name
868	Karelle Kertzmann	lilly@treutel.biz
869	Ms. Abel Lindgren	laney@spencerschoen.info
870	Moises Shanahan	marjolaine@ruel.biz
871	Elinor Davis	lacy.beahan@rohanprohaska.biz
872	Americo Purdy	kaandra@batzhegmann.biz
873	Mr. Evelyn Hermann	rosella_heathcote@johns.net
874	Candice Leffler Sr.	jee.gottlieb@mckenzie.name
875	Piper Gutmann	lillie.mclaughlin@hilpert.org
876	Arne Zieme	frances.flatley@lemke.com
877	Julio Morar III	hildegard.schoen@parker.net
878	Josiah Williamson Sr.	samanta@doyle.org
879	Shane Padberg	francisco@pacocha.biz
880	Hilario Lesch	cade.kertzmann@douglas.name
881	Dr. Yesenia Reichert	newton.powlowski@rueckergoodwin.net
882	Enid Pouros	jerad.windler@daniel.biz
883	Mrs. Aurore Koelpin	willa@gulgowskivonrueden.biz
884	Mariane Wolff	kaley.streich@altenwerth.net
885	Christophe Mosciski III	darrel.mohr@jones.info
886	Quinton Zieme	rusty@hayes.name
887	Odessa Dach	fabiola.willms@sanford.net
888	Destany Goodwin	kelton@deckowboyer.org
889	Abigale Price	dayana_heaney@mcdermott.com
890	Hershel Nicolas III	jameson.kris@rodriguez.biz
891	Lexi Romaguera	aron@kozey.com
892	Lonie Altenwerth	kristofer.bednar@botsford.info
893	Arielle Cruickshank II	miracle_homenick@nader.biz
894	Cristobal Herzog	shyanne@gorczany.org
895	Sallie Bauch	stewart@legroshackett.org
896	Monte Zemlak II	bethany@sanfordratke.org
897	Jason Kreiger I	vladimir.ruecker@hansen.com
898	Katlyn Rogahn	abigale.little@hane.net
899	Patsy Bailey Sr.	stella_dibbert@robelwuckert.name
900	Aletha Wisozk	shany_jenkins@prosacco.name
901	Alba Grant MD	elmo_schuster@keler.com
902	Syble Pfannerstill	bonnie@nikolaus.biz
903	Logan Harris	ottilie_williamson@ortizmoore.biz
904	Gardner Schuster IV	rusty.ledner@collins.com
905	Terrance Ullrich	adolphus.kovacek@pfeffer.info
906	Yoshiko Denesik IV	wayne@jast.biz
907	Kailyn Murphy	winfield_simonis@darepagac.info
908	Antonette Ebert	blanche@danielmcclure.info
909	Armani Hane	walton@dibbertmurray.biz
910	Talon Waters	terrill.dickinson@armstrong.net
911	Mazie Pacocha IV	isai_mccullough@harrisdietrich.org
912	Dr. Eulalia Gottlieb	nella@kirlin.info
913	Chanelle Mueller	brooks.schroeder@rodrigueznitzsche.org
914	Reanna Ruecker	lonzo@hudson.info
915	Tevin Halvorson	sallie_purdy@schroedergusikowski.com
916	Elva McLaughlin III	elbert.rohan@schaden.name
917	Kavon Hartmann	meda.becker@torphydouglas.info
918	Ona Mann MD	kraig@lubowitzzulauf.biz
919	Maida Bogisich II	francis.johnston@hayes.biz
920	Jarod Reichert	darrel.huel@bergstrom.biz
921	Columbus Lowe	ottis@hintz.org
922	Jazmyn Labadie	kelley@haag.biz
923	Elena Raynor	kaleigh@hoeger.org
924	Boyd Quitzon	marguerite_schumm@lind.com
925	Dr. Weldon Hane	napoleon@von.biz
926	Ulices Jacobs	meghan_windler@zulaufondricka.name
927	Payton Rolfson	jocelyn_leffler@beer.org
928	Michelle Cormier III	allan_grant@powlowskiherman.biz
929	Tyreek Fahey	ana@veum.net
930	Frank Bode V	francisca_lynch@beiermiller.biz
931	Tabitha Erdman V	delmer_fahey@watsica.name
932	Valentin Jast	crawford@gradykaulke.name
933	Bud Rippin	brooks@bergstrom.net
934	Raymond Wyman	jeramie.metz@rauswaniawski.net
935	Terrill King	santina.tillman@botsford.name
936	Elwin Monahan	everardo@hauckrempel.org
937	Ms. Daisy Volkman	jon@hudson.com
938	Ms. Tyrique Kub	wilton.satterfield@champlindaugherty.com
939	Mr. Watson Hegmann	jenifer@schaefer.org
940	Jacey Turner	kaley@padberg.biz
941	Alejandrin Ortiz	bret@howe.com
942	Emmet Cruickshank	alvah.bogan@bogisichkaulke.biz
943	Mr. Novella Altenwerth	faustino@maggio.net
944	Mellie Fahey	dallin@friesen.org
945	Richmond Wolf	clark@boyercartwright.info
946	Robbie Beahan	angelina.johnson@medhurst.net
947	Ofelia Aufderhar MD	hildegard@leannonwhite.org
948	Dr. Zion Macejkovic	casimer_sporer@stehr.com
949	Golda Ratke	micah.hammes@legros.info
950	Jasen Kessler	keaton@howe.org
951	Haleigh Hudson	margie@croninhammes.info
952	Leanne Sauer V	andy@denesikgreenfelder.com
953	Modesta Lebsack	elena.cruickshank@bruen.org
954	Milford Stokes	alexa@weber.net
955	Chadd Ritchie	camren.windler@nikolausruecker.com
956	Cortez Treutel	judy.nader@johnstonaufderhar.net
957	Elena Schultz	katelin@johnsonpouros.org
958	Mario Spencer DVM	griffin@kihnskiles.name
959	Godfrey Strosin	therese@jacobi.org
960	Jany Price	bobby.hahn@stoltenbergconnelly.name
961	Chasity O'Hara	edwin@kiehnkoch.org
962	Gay Kassulke Sr.	llewellyn_sauer@kubcasper.info
963	Nikko Streich	lina.renner@stehrschuster.name
964	Hilma Windler Sr.	verdie_bednar@osinski.net
965	Lucio Miller	norris.leuschke@padberg.org
966	Raven Robel Sr.	elouise.hyatt@walter.name
967	Houston Friesen	georgiana_kris@hamill.name
968	Madison Jaskolski	okey.runte@wilkinson.net
969	Brisa Franecki	rebeka@block.org
970	Mrs. Stephan Kuvalis	martina@crist.net
971	Tyler Hand	lazaro.swift@ward.org
972	Madonna Treutel I	tate@windler.name
973	Devyn Quigley	ludie.hackett@morar.net
974	Dorcas Medhurst	magnolia@doyle.info
975	Richie Lowe	meredith_paucek@kuhic.name
976	Mrs. Jordy Hamill	spencer@johnston.biz
977	Max Haag DVM	sylvan@toy.name
978	Kaci Lynch	dewayne_frami@reingerbecker.net
979	Ms. Earlene O'Hara	cecile@kemmer.name
980	Clark Kunze	darby@schaden.com
981	Dr. Alexander Morissette	rocky_stehr@larson.info
982	Kylie Kling	mateo@mckenzie.net
983	Jevon Hansen	cory@goldnerstanton.info
984	Harley Terry I	ariel@funk.biz
985	Richmond Grady	casey_schumm@klocko.biz
986	Elfrieda Feil	jeramy@moenschinner.com
987	Jimmie Oberbrunner II	dock.brekke@sanford.net
988	Angelo Graham	donna@schaeferrosenbaum.org
989	Adella Roberts	raheem.ward@bode.name
990	Kathleen Labadie	jazmyne@okuneva.biz
991	Erica Pollich	alfred@kuvalis.com
992	Finn Mertz	kacie@cristpacocha.org
993	Leilani Gottlieb	winifred@okoncollins.net
994	Rosetta MacGyver	braden@bergstrom.net
995	Miss Hester Walter	retta_stokes@stanton.name
996	Alexanne Harris	drew@schambergereichmann.net
997	Delilah Thiel V	dorcas@reichertfadel.info
998	Candice Beier	joan_schmeler@pfeffer.name
999	Jammie Champlin	frank_brown@hagenes.info
1000	Chauncey Lang	suzanne@romaguera.net
